元ワード,入力文字,サジェスト,データ種別
マジカルエアー ビングル,ひ,マジカルエアー ビングル 比較,インテント修飾語
リベル オルフェオ,さ,サイベックス オルフェオ リベル 違い,インテント修飾語
メリオ カーボン オルフェオ,ひ,サイベックス メリオ カーボン オルフェオ 比較,インテント修飾語
メリオ カーボン オルフェオ,ひ,メリオ カーボン オルフェオ 比較,インテント修飾語
メリオ カーボン オルフェオ,ち,メリオ カーボン オルフェオ 違い,インテント修飾語
オルフェオ バタフライ,ひ,バタフライ オルフェオ 比較,インテント修飾語
ランフィ ビングル,ひ,ランフィ ビングル 比較,インテント修飾語
メリオ カーボン オルフェオ,さ,サイベックス オルフェオ メリオ カーボン 比較,インテント修飾語
リベル ビングル,ひ,リベル ビングル 比較,インテント修飾語
リベル 2025 2024,ち,リベル 2024 年 2025 年 違い,インテント修飾語
メリオ カーボン ミオス,さ,サイベックス メリオ カーボン ミオス 比較,インテント修飾語
メリオ カーボン ランフィ,ひ,メリオ カーボン ランフィ 比較,インテント修飾語
リベル ミオス,ち,ミオス リベル 違い,インテント修飾語
リベル ミオス,さ,サイベックス ミオス リベル 比較,インテント修飾語
メリオ カーボン ミオス,ひ,メリオ カーボン ミオス 比較,インテント修飾語
メリオ カーボン ミオス,ち,サイベックス メリオ カーボン ミオス 違い,インテント修飾語
メリオ カーボン ミオス,ち,メリオ カーボン ミオス 違い,インテント修飾語
メリオ カーボン オルフェオ,さ,サイベックス メリオ カーボン オルフェオ 違い,インテント修飾語
リベル バタフライ,ひ,リベル バタフライ 比較,インテント修飾語
メリオ カーボン ミオス,さ,サイベックス ミオス メリオ カーボン 違い,インテント修飾語
リベル オルフェオ,さ,サイベックス オルフェオ リベル メリオ 比較,インテント修飾語
リベル バタフライ,ば,バガブー バタフライ リベル 比較,インテント修飾語
リベル メリオ カーボン,ち,リベル メリオ カーボン 違い,インテント修飾語
リベル メリオ カーボン,ち,サイベックス メリオカーボン リベル 違い,インテント修飾語
リベル メリオ カーボン,ひ,リベル メリオ カーボン 比較,インテント修飾語
リベル メリオ カーボン,さ,サイベックス メリオ カーボン リベル 比較,インテント修飾語
リベル オルフェオ,ち,リベル オルフェオ 違い,インテント修飾語
リベル オルフェオ,ひ,リベル オルフェオ 比較,インテント修飾語
リベル オルフェオ,の,リベル と オルフェオ の 違い,インテント修飾語
リベル オルフェオ,ち,サイベックス リベル オルフェオ 違い,インテント修飾語
リベル オルフェオ,ひ,サイベックス リベル オルフェオ 比較,インテント修飾語
メリオ カーボン オルフェオ,t,オルフェオ と メリオ カーボン,サジェストオリジナル
メリオ カーボン ラクーナ クッション,ふ,メリオ カーボン ラクーナ クッション フリー,サジェストオリジナル
オルフェオ ビングル,さ,ビングル サンシェード オルフェオ,サジェストオリジナル
メリオ カーボン バタフライ,2,バガブー バタフライ 2 メリオ カーボン,サジェストオリジナル
メリオ カーボン バタフライ,ば,バガブー バタフライ メリオ カーボン,サジェストオリジナル
メリオ カーボン オルフェオ,さ,サイベックス オルフェオ メリオ カーボン,サジェストオリジナル
メリオ カーボン バタフライ,2,メリオ カーボン バタフライ 2,サジェストオリジナル
リベル メリオ カーボン,か,メリオ カーボン から リベル,サジェストオリジナル
バタフライ ミオス,さ,サイベックス ミオス バタフライ,サジェストオリジナル
ランフィ ビングル,ぴ,ピジョン ランフィ ビングル,サジェストオリジナル
リベル メリオ カーボン,t,メリオ カーボン と リベル,サジェストオリジナル
メリオ カーボン ミオス,さ,サイベックス ミオス メリオ カーボン,サジェストオリジナル
リベル メリオ カーボン,ど,メリオ カーボン リベル どっち,サジェストオリジナル
リベル メリオ カーボン,さ,メリオ カーボン リベル 重 さ,サジェストオリジナル
リベル メリオ カーボン,さ,サイベックス メリオカーボン リベル どっち,サジェストオリジナル
リベル メリオ カーボン,か,メリオ カーボン レイン カバー リベル,サジェストオリジナル
リベル メリオ カーボン,お,リベル メリオ カーボン 重 さ,サジェストオリジナル
リベル バタフライ,ば,バガブー バタフライ リベル,サジェストオリジナル
オルフェオ バタフライ,ば,バガブー バタフライ オルフェオ,サジェストオリジナル
リベル オルフェオ,か,リベル オルフェオ カー シート アダプター 2,サジェストオリジナル
リベル オルフェオ,お,サイベックス オルフェオ リベル 重 さ,サジェストオリジナル
リベル オルフェオ,お,リベル オルフェオ 重 さ,サジェストオリジナル
リベル オルフェオ,あ,リベル オルフェオ アダプター,サジェストオリジナル
オルフェオ ミオス,さ,サイベックス ミオス オルフェオ,サジェストオリジナル
リベル ミオス,さ,サイベックス メリオ ミオス リベル,サジェストオリジナル
リベル ミオス,さ,サイベックス ミオス リベル,サジェストオリジナル
リベル ビングル,t,リベル と ビングル,サジェストオリジナル
リベル ビングル,b,ベビーカー リベル ビングル,サジェストオリジナル
リベル ビングル,ぴ,ピジョン ビングル リベル,サジェストオリジナル
リベル ビングル,ど,ビングル リベル どっち,サジェストオリジナル
リベル ビングル,っ,ビングル bb4 リベル,サジェストオリジナル
リベル ビングル,さ,ビングル サンシェード リベル,サジェストオリジナル
リベル 2025 2024,t,リベル 2024 と 2025,サジェストオリジナル
メリオ カーボン IXXA,ね,ixxa next メリオ カーボン,サジェストオリジナル
リベル バタフライ,2,リベル バタフライ 2,サジェストオリジナル
リベル オルフェオ,か,リベル・オルフェオ カーシートアダプター,サジェストオリジナル
リベル オルフェオ,か,サイベックス リベル か オルフェオ,サジェストオリジナル
リベル オルフェオ,か,オルフェオ か リベル,サジェストオリジナル
リベル オルフェオ,か,オルフェオ リベル レイン カバー,サジェストオリジナル
リベル オルフェオ,2,オルフェオ リベル 2025,サジェストオリジナル
リベル オルフェオ,c,cybex オルフェオ リベル,サジェストオリジナル
メリオ カーボン ミオス,t,メリオ カーボン と ミオス,サジェストオリジナル
リベル オルフェオ,め,メリオ オルフェオ リベル,サジェストオリジナル
リベル オルフェオ,ば,リベル オルフェオ バンパー バー,サジェストオリジナル
リベル オルフェオ,に,オルフェオ リベル 荷物,サジェストオリジナル
リベル オルフェオ,ど,リベル オルフェオ どっち,サジェストオリジナル
リベル オルフェオ,と,リベル オルフェオ と は,サジェストオリジナル
リベル オルフェオ,じ,【新品未使用】サイベックス リベル/オルフェオ 純正バンパーバー,サジェストオリジナル
リベル オルフェオ,さ,オルフェオ リベル サイズ,サジェストオリジナル
リベル オルフェオ,さ,サイベックス リベル オルフェオ 専用 バンパーバー,サジェストオリジナル
リベル オルフェオ,さ,サイベックス リベル/オルフェオ 純正バンパーバー,サジェストオリジナル
リベル オルフェオ,さ,サイベックス リベル オルフェオ バンパー バー,サジェストオリジナル
リベル オルフェオ,さ,サイベックス ベビーカー オルフェオ リベル,サジェストオリジナル
リベル オルフェオ,さ,サイベックス オルフェオ リベル どっち,サジェストオリジナル
リベル オルフェオ,さ,サイベックス リベル オルフェオ,サジェストオリジナル
リベル オルフェオ,こ,リベル オルフェオ コヤ,サジェストオリジナル
リベル オルフェオ,り,リベル オルフェオ リクライニング,サジェストオリジナル
