元ワード,入力文字,サジェスト
カルーンエアー,あ,カルーンエアー ab
カルーンエアー,あ,カルーンエアー ad
カルーンエアー,あ,カルーンエアー ac ab 違い
カルーンエアー,あ,カルーンエアー アップリカ
カルーンエアー,あ,カルーンエアー ac
カルーンエアー,あ,カルーンエアー ac ad 違い
カルーンエアー,あ,カルーンエアー ab 説明書
カルーンエアー,あ,カルーンエアー 洗い方
カルーンエアー,あ,カルーンエアー アカチャンホンポ
カルーンエアー,あ,カルーンエアー ab ad 違い
カルーンエアー,い,カルーンエアー いつまで
カルーンエアー,い,カルーンエアー 色
カルーンエアー,い,カルーンエアー 対面 いつまで
カルーンエアー,え,カルーンエアー エアラブ
カルーンエアー,え,アップリカカルーンエアー エアラブ
カルーンエアー,お,カルーンエアー オート4輪
カルーンエアー,お,カルーンエアー 重さ
カルーンエアー,お,カルーンエアー 折りたたみ
カルーンエアー,お,カルーンエアー 大きさ
カルーンエアー,お,アップリカ カルーンエアー オート4輪
カルーンエアー,お,アップリカ カルーンエアー 重さ
カルーンエアー,か,カルーンエアー 頭マモールパッド
カルーンエアー,か,カルーンエアー 角度
カルーンエアー,か,カルーンエアー カゴ
カルーンエアー,か,カルーンエアー カバー
カルーンエアー,か,カルーンエアー 肩ベルト
カルーンエアー,か,カルーンエアー 背もたれ 角度
カルーンエアー,か,アップリカ カルーンエアー 肩ベルト
カルーンエアー,か,アップリカ カルーンエアー 角度
カルーンエアー,か,アップリカ カルーンエアー カバー
カルーンエアー,か,アップリカ カルーン カルーンエアー 違い
カルーンエアー,き,カルーンエアー 機内持ち込み
カルーンエアー,く,カルーンエアー 口コミ
カルーンエアー,く,カルーンエアー クッション
カルーンエアー,く,カルーンエアー メッシュ 口コミ
カルーンエアー,く,かルーンエアー 口コミ
カルーンエアー,く,アップリカ カルーンエアー 口コミ
カルーンエアー,く,アップリカ カルーンエアー クッション
カルーンエアー,く,アップリカ カルーンエアー メッシュ 口コミ
カルーンエアー,く,アップリカ カルーンエアー ad 口コミ
カルーンエアー,く,アップリカ カルーンエアー ab 口コミ
カルーンエアー,く,ベビーカー ラクーナ エアー 口コミ
カルーンエアー,ぐ,カルーンエアー グレー
カルーンエアー,ぐ,カルーンエアー グリーン
カルーンエアー,こ,カルーンエアー 後悔
カルーンエアー,こ,コンビ カルーンエアー
カルーンエアー,さ,カルーンエアー 最新
カルーンエアー,さ,カルーンエアー サイズ
カルーンエアー,さ,アップリカ カルーンエアー サイズ
カルーンエアー,し,カルーンエアー シート 付け方
カルーンエアー,し,カルーンエアー 新生児
カルーンエアー,し,カルーンエアー シリーズ
カルーンエアー,し,カルーンエアー シート
カルーンエアー,し,カルーンエアー 車輪
カルーンエアー,し,アップリカ カルーンエアー シート 取り付け方
カルーンエアー,し,アップリカ カルーンエアー 新生児
カルーンエアー,し,アップリカ カルーンエアー シート
カルーンエアー,し,アップリカ カルーンエアー 車輪
カルーンエアー,し,アップリカ カルーンエアー 種類
カルーンエアー,す,カルーンエアー スゴカル 比較
カルーンエアー,す,カルーンエアー ステップ
カルーンエアー,す,カルーンエアー スゴカル
カルーンエアー,す,カルーンエアー ストライプ
カルーンエアー,す,アップリカ カルーンエアー ステップ
カルーンエアー,す,スゴカルエアー カルーンエアー
カルーンエアー,ず,カルーンエアー ずり落ちる
カルーンエアー,せ,カルーンエアー 説明書
カルーンエアー,せ,カルーンエアー 洗濯
カルーンエアー,せ,カルーンエアー 背もたれ
カルーンエアー,せ,かルーンエアー 説明書
カルーンエアー,せ,アップリカ カルーンエアー 説明書
カルーンエアー,せ,アップリカ ベビーカー カルーンエアー 説明書
カルーンエアー,せ,アップリカ カルーンエアー 洗濯
カルーンエアー,せ,アップリカ カルーンエアー 背もたれ
カルーンエアー,せ,ベビーカー カルーンエアー 説明書
カルーンエアー,た,カルーンエアー 耐荷重
カルーンエアー,た,カルーンエアー 倒れる
カルーンエアー,た,カルーンエアー たたみ方
カルーンエアー,た,カルーンエアー 対面
カルーンエアー,た,カルーンエアー タイヤ
カルーンエアー,た,カルーンエアー 対象年齢
カルーンエアー,た,カルーンエアー 体重
カルーンエアー,た,アップリカ カルーンエアー 対面
カルーンエアー,た,アップリカ カルーンエアー たたみ方
カルーンエアー,だ,カルーンエアー 段差
カルーンエアー,ち,カルーンエアー 中古
カルーンエアー,ち,カルーンエアー 小さい
カルーンエアー,ち,カルーン カルーンエアー 違い
カルーンエアー,ち,カルーンエアーab カルーンエアー 違い
カルーンエアー,ち,カルーンエアー ラクーナエアー 違い
カルーンエアー,ち,カルーンエアー メッシュ 違い
カルーンエアー,ち,カルーンエアー ラクーナクッション 違い
カルーンエアー,ち,アップリカ カルーンエアー 中古
カルーンエアー,つ,カルーンエアー 使い方
カルーンエアー,つ,アップリカ カルーンエアー 使い方
カルーンエアー,つ,アップリカ ラクーナ エアー 付け方
カルーンエアー,で,カルーンエアー デメリット
カルーンエアー,で,アップリカ カルーンエアー デメリット
カルーンエアー,と,カルーンエアー 取り付け方
カルーンエアー,と,カルーンエアー 取扱説明書
カルーンエアー,と,カルーンエアー 取り付け
カルーンエアー,ど,カルーンエアー ドリンクホルダー
カルーンエアー,な,カルーンエアー 何歳まで
カルーンエアー,な,カルーンエアー 何キロまで
カルーンエアー,な,カルーンエアー 何ヶ月から
カルーンエアー,な,カルーンエアー 何型
カルーンエアー,な,カルーンエアー 何歳
カルーンエアー,な,アップリカ カルーンエアー 何キロまで
カルーンエアー,な,アップリカ カルーンエアー 何歳まで
カルーンエアー,に,カルーンエアー 西松屋
カルーンエアー,に,カルーンエアー 荷物
カルーンエアー,に,アップリカ カルーンエアー 荷物入れ
カルーンエアー,に,アップリカ カルーンエアー 西松屋
カルーンエアー,ね,カルーンエアー ネイビー
カルーンエアー,ね,カルーンエアー 年齢
カルーンエアー,は,カルーンエアー 発売日
カルーンエアー,は,アップリカ カルーンエアー 発売日
カルーンエアー,ば,カルーンエアー バースデイ
カルーンエアー,ぱ,カルーンエアー パーツ
カルーンエアー,ぴ,ピジョン カルーンエアー
カルーンエアー,ふ,カルーンエアー フットレスト
カルーンエアー,ふ,カルーンエアー フロントガード
カルーンエアー,べ,カルーンエアー ベビーカー
カルーンエアー,べ,カルーンエアー ベルト
カルーンエアー,べ,カルーンエアー ベージュ
カルーンエアー,べ,カルーンエアー ベビーカーステップ
カルーンエアー,み,カルーンエアー 水玉
カルーンエアー,み,アップリカ カルーンエアー 水玉
カルーンエアー,め,カルーンエアー メッシュ ab
カルーンエアー,め,カルーンエアー メッシュ ac
カルーンエアー,め,カルーンエアー メッシュ
カルーンエアー,め,カルーンエアー メッシュ ab 説明書
カルーンエアー,め,カルーンエアー メッシュ ad
カルーンエアー,め,カルーンエアー メッシュ ac 口コミ
カルーンエアー,め,カルーンエアー メッシュ ab ac 違い
カルーンエアー,め,カルーンエアー メッシュ ab 口コミ
カルーンエアー,よ,カルーンエアー 横移動
カルーンエアー,よ,アップリカ カルーンエアー 横移動
カルーンエアー,ら,カルーンエアー ラクーナ 比較
カルーンエアー,ら,カルーンエアー ラクーナエアー
カルーンエアー,ら,カルーンエアー ラクーナクッション
カルーンエアー,ら,アップリカ カルーンエアー ラクーナエアー
カルーンエアー,ら,アップリカ カルーンエアー ラクーナ
カルーンエアー,り,カルーンエアー リクライニング
カルーンエアー,り,カルーンエアー リクライニング 角度
カルーンエアー,り,アップリカ カルーンエアー リクライニング
カルーンエアー,り,アップリカ ベビーカー カルーンエアー リクライニング
カルーンエアー,り,アップリカ カルーンエアー 両対面
カルーンエアー,れ,カルーンエアー レインカバー
カルーンエアー,れ,カルーンエアー レンタル
カルーンエアー,れ,カルーンエアー レビュー
カルーンエアー,れ,カルーンエアー レインドロップネイビー
カルーンエアー,れ,ラクーナ エアー 歴代
カルーンエアー,れ,アップリカ カルーンエアー レインカバー
カルーンエアー,れ,アップリカ カルーンエアー レンタル
カルーンエアー,れ,アップリカ カルーンエアー レインドロップネイビー
カルーンエアー,b,カルーンエアー b型
カルーンエアー,b,アップリカ カルーンエアー b型
カルーンエアー,b,アップリカ カルーンエアー ベビーカー
カルーンエアー,b,アップリカ カルーンエアー ベージュ
カルーンエアー,b,アップリカ カルーンエアー ベルト
カルーンエアー,2,カルーンエアー 2022
カルーンエアー,2,アップリカ カルーンエアー 2022
カルーンエアー,3,カルーンエアー 3歳
カルーンエアー,6,アップリカ カルーンエアー 6da96cflj
